Montadora,País
Honda,Japão
Honda,Japão
Ford,EUA
Toyota,Japão
Volkswagen,Alemanha
Ford,EUA
Toyota,Japão
Nissan,Japão
Fiat,Itália
Ford,EUA
Fiat,Itália
Fiat,Itália
Jeep,EUA
Honda,Japão
Toyota,Japão
Chevrolet,EUA
Chevrolet,EUA
Volkswagen,Alemanha
Volvo,Suécia
Volkswagen,Alemanha
Chevrolet,EUA
BMW,Alemanha
Fiat,Itália
Chevrolet,EUA
Volkswagen,Alemanha
Toyota,Japão
Jeep,EUA
Nissan,Japão
Nissan,Japão
Volvo,Suécia
Fiat,Itália
Jeep,EUA
Honda,Japão
Toyota,Japão
Chevrolet,EUA
Chevrolet,EUA
Volkswagen,Alemanha
Volvo,Suécia
BMW,Alemanha
Chevrolet,EUA
Honda,Japão
Honda,Japão
Ford,EUA
Toyota,Japão
Volkswagen,Alemanha
Chery,China
JAC,China
Toyota,Japão
Nissan,Japão
Fiat,Itália
Jeep,EUA
Hyundai,Coreia do Sul
Hyundai,Coreia do Sul
Hyundai,Coreia do Sul
Mercedes-Benz,Alemanha
BMW,Alemanha
Mercedes-Benz,Alemanha
Volkswagen,Alemanha
Chevrolet,EUA
Toyota,Japão
Ford,EUA
Honda,Japão
Renault,França
Renault,França
Chevrolet,EUA
Volkswagen,Alemanha
Renault,França
Chery,China
Chery,China
Kia,Coreia do Sul
Citroen,França
Citroen,França
Peugeot,França
Peugeot,França
Citroen,França
Honda,Japão
Ford,EUA
Fiat,Itália
Chevrolet,EUA
Nissan,Japão
Fiat,Itália
Jeep,EUA
Jeep,EUA
Volkswagen,Alemanha
Chevrolet,EUA
Volkswagen,Alemanha
Toyota,Japão
JAC,China
Toyota,Japão
Fiat,Itália
Chevrolet,EUA
Citroen,França
Volkswagen,Alemanha
Peugeot,França
Renault,França
Jeep,EUA
Honda,Japão
Mercedes-Benz,Alemanha
Toyota,Japão
Fiat,Itália
Fiat,Itália
Chevrolet,EUA
BMW,Alemanha
Chevrolet,EUA
Nissan,Japão
Chevrolet,EUA
Toyota,Japão
Nissan,Japão
JAC,China
Honda,Japão
Renault,França
Renault,França
Hyundai,Coreia do Sul
Hyundai,Coreia do Sul
Hyundai,Coreia do Sul
Ford,EUA
Honda,Japão
Honda,Japão
Ford,EUA
Toyota,Japão
Volkswagen,Alemanha
Ford,EUA
Toyota,Japão
Nissan,Japão
Fiat,Itália
Ford,EUA
Fiat,Itália
Fiat,Itália
Jeep,EUA
Honda,Japão
Toyota,Japão
Chevrolet,EUA
Chevrolet,EUA
Volkswagen,Alemanha
Volvo,Suécia
Volkswagen,Alemanha
Chevrolet,EUA
BMW,Alemanha
Fiat,Itália
Chevrolet,EUA
Volkswagen,Alemanha
Toyota,Japão
Jeep,EUA
Nissan,Japão
Nissan,Japão
Volvo,Suécia
Fiat,Itália
Jeep,EUA
Honda,Japão
Toyota,Japão
Chevrolet,EUA
Chevrolet,EUA
Volkswagen,Alemanha
Volvo,Suécia
BMW,Alemanha
Chevrolet,EUA
Honda,Japão
Honda,Japão
Kia,Coreia do Sul
Ford,EUA
Toyota,Japão
Volkswagen,Alemanha
Honda,Japão
Volkswagen,Alemanha
Volkswagen,Alemanha
Chevrolet,EUA
Jeep,EUA
BMW,Alemanha
Kia,Coreia do Sul
Fiat,Itália
Nissan,Japão
Volvo,Suécia
Toyota,Japão
Citroen,França
Citroen,França
Peugeot,França
Peugeot,França
Citroen,França
Honda,Japão
Ford,EUA
Fiat,Itália
Chevrolet,EUA
Nissan,Japão
Fiat,Itália
Jeep,EUA
Jeep,EUA
Volkswagen,Alemanha
Chevrolet,EUA
Volkswagen,Alemanha
Toyota,Japão
JAC,China
Toyota,Japão
Fiat,Itália
Chevrolet,EUA
Citroen,França
Volkswagen,Alemanha
Peugeot,França
Renault,França
Jeep,EUA
Honda,Japão
Mercedes-Benz,Alemanha
Toyota,Japão
Fiat,Itália
Fiat,Itália
Chevrolet,EUA
BMW,Alemanha
Chevrolet,EUA
Nissan,Japão
Jeep,EUA
Peugeot,França
Renault,França
Renault,França
Peugeot,França
Renault,França
Peugeot,França
Honda,Japão
Toyota,Japão
Renault,França
Kia,Coreia do Sul
Hyundai,Coreia do Sul
Hyundai,Coreia do Sul
Kia,Coreia do Sul
Kia,Coreia do Sul
Fiat,Itália
Volkswagen,Alemanha
Hyundai,Coreia do Sul
Hyundai,Coreia do Sul
Hyundai,Coreia do Sul
Chevrolet,EUA
Renault,França
Peugeot,França
Renault,França
Nissan,Japão
Kia,Coreia do Sul
Honda,Japão
Kia,Coreia do Sul
Hyundai,Coreia do Sul
Chevrolet,EUA
Chevrolet,EUA
Fiat,Itália
Fiat,Itália
Toyota,Japão
Kia,Coreia do Sul
Hyundai,Coreia do Sul
Jeep,EUA
Ford,EUA
Ford,EUA
Hyundai,Coreia do Sul
Nissan,Japão
Renault,França
Hyundai,Coreia do Sul
Peugeot,França
Hyundai,Coreia do Sul
Kia,Coreia do Sul
Chevrolet,EUA
Toyota,Japão
Renault,França
Hyundai,Coreia do Sul
Ford,EUA
Ford,EUA
Hyundai,Coreia do Sul
Fiat,Itália
Volkswagen,Alemanha
Renault,França
Hyundai,Coreia do Sul
Chevrolet,EUA
Fiat,Itália
Ford,EUA
Toyota,Japão
Toyota,Japão
Ford,EUA
Chevrolet,EUA
Kia,Coreia do Sul
Nissan,Japão
Chevrolet,EUA
Chevrolet,EUA
Hyundai,Coreia do Sul
Hyundai,Coreia do Sul
Ford,EUA
Fiat,Itália
Volkswagen,Alemanha
Hyundai,Coreia do Sul
Kia,Coreia do Sul
Nissan,Japão
Renault,França
Renault,França
Chevrolet,EUA
Fiat,Itália
Hyundai,Coreia do Sul
Fiat,Itália
Ford,EUA
Honda,Japão
Honda,Japão
Hyundai,Coreia do Sul
Chevrolet,EUA
Chevrolet,EUA
Hyundai,Coreia do Sul
Hyundai,Coreia do Sul
Mercedes-Benz,Alemanha
Chevrolet,EUA
Toyota,Japão
Toyota,Japão
Hyundai,Coreia do Sul
Hyundai,Coreia do Sul
Chevrolet,EUA
Volkswagen,Alemanha
Ford,EUA
Fiat,Itália
Kia,Coreia do Sul
Renault,França
Chevrolet,EUA
Hyundai,Coreia do Sul
Volvo,Suécia
Citroen,França
Peugeot,França
Toyota,Japão
Chevrolet,EUA
Kia,Coreia do Sul
Ford,EUA
Fiat,Itália
Renault,França
Volvo,Suécia
Citroen,França
Jeep,EUA
Nissan,Japão
Nissan,Japão
Hyundai,Coreia do Sul
Volkswagen,Alemanha
Chevrolet,EUA
Fiat,Itália
Fiat,Itália
Chevrolet,EUA
Volkswagen,Alemanha
Hyundai,Coreia do Sul
Toyota,Japão
Honda,Japão
Hyundai,Coreia do Sul
Honda,Japão
Mercedes-Benz,Alemanha
Toyota,Japão
Fiat,Itália
Fiat,Itália
Chevrolet,EUA
BMW,Alemanha
Chevrolet,EUA
Nissan,Japão
Jeep,EUA
Volkswagen,Alemanha
Peugeot,França
Renault,França
Renault,França
Peugeot,França
Renault,França
Peugeot,França
Honda,Japão
Toyota,Japão
Renault,França
Kia,Coreia do Sul
Hyundai,Coreia do Sul
Hyundai,Coreia do Sul
Kia,Coreia do Sul
Kia,Coreia do Sul
Fiat,Itália
Volkswagen,Alemanha
Hyundai,Coreia do Sul
Hyundai,Coreia do Sul
Hyundai,Coreia do Sul
Chevrolet,EUA
Renault,França
Peugeot,França
Renault,França
Nissan,Japão
Kia,Coreia do Sul
Honda,Japão
Kia,Coreia do Sul
Hyundai,Coreia do Sul
Chevrolet,EUA
Chevrolet,EUA
Fiat,Itália
Fiat,Itália
Toyota,Japão
Kia,Coreia do Sul
Hyundai,Coreia do Sul
Jeep,EUA
Ford,EUA
Ford,EUA
Jeep,EUA
Hyundai,Coreia do Sul
Nissan,Japão
Renault,França
Hyundai,Coreia do Sul
Peugeot,França
Hyundai,Coreia do Sul
Kia,Coreia do Sul
Chevrolet,EUA
Toyota,Japão
Ford,EUA
Renault,França
Hyundai,Coreia do Sul
Ford,EUA
Ford,EUA
Hyundai,Coreia do Sul
Fiat,Itália
Volkswagen,Alemanha
Renault,França
Hyundai,Coreia do Sul
Honda,Japão
Chevrolet,EUA
Fiat,Itália
Ford,EUA
Toyota,Japão
Toyota,Japão
Ford,EUA
Chevrolet,EUA
Kia,Coreia do Sul
Nissan,Japão
Chevrolet,EUA
Chevrolet,EUA
Hyundai,Coreia do Sul
Hyundai,Coreia do Sul
Ford,EUA
Fiat,Itália
Volkswagen,Alemanha
Hyundai,Coreia do Sul
Kia,Coreia do Sul
Nissan,Japão
Renault,França
Renault,França
Chevrolet,EUA
Fiat,Itália
Hyundai,Coreia do Sul
Fiat,Itália
Ford,EUA
Honda,Japão
Honda,Japão
Hyundai,Coreia do Sul
Chevrolet,EUA
Chevrolet,EUA
Hyundai,Coreia do Sul
Hyundai,Coreia do Sul
Mercedes-Benz,Alemanha
Chevrolet,EUA
Toyota,Japão
Toyota,Japão
Hyundai,Coreia do Sul
Hyundai,Coreia do Sul
Chevrolet,EUA
Volkswagen,Alemanha
Ford,EUA
Fiat,Itália
Kia,Coreia do Sul
Renault,França
Chevrolet,EUA
Hyundai,Coreia do Sul
Volvo,Suécia
Kia,Coreia do Sul
Citroen,França
Peugeot,França
Toyota,Japão
Chevrolet,EUA
Kia,Coreia do Sul
Ford,EUA
Fiat,Itália
Renault,França
Volvo,Suécia
Citroen,França
Jeep,EUA
Nissan,Japão
Nissan,Japão
Hyundai,Coreia do Sul
Volkswagen,Alemanha
Chevrolet,EUA
Fiat,Itália
Fiat,Itália
Chevrolet,EUA
Toyota,Japão
Volkswagen,Alemanha
Hyundai,Coreia do Sul
Toyota,Japão
Honda,Japão
Hyundai,Coreia do Sul
Honda,Japão
Renault,França
Honda,Japão
Volkswagen,Alemanha
Citroen,França
Toyota,Japão
Toyota,Japão
Volkswagen,Alemanha
Volkswagen,Alemanha
Honda,Japão
BMW,Alemanha
Peugeot,França
Ford,EUA
Fiat,Itália
Volkswagen,Alemanha
Toyota,Japão
Honda,Japão
Kia,Coreia do Sul
Honda,Japão
Toyota,Japão
Volkswagen,Alemanha
Honda,Japão
Chevrolet,EUA
Toyota,Japão
Chevrolet,EUA
Honda,Japão
Volkswagen,Alemanha
Volkswagen,Alemanha
Nissan,Japão
Chevrolet,EUA
Fiat,Itália
Chevrolet,EUA
Honda,Japão
Toyota,Japão
Volkswagen,Alemanha
Chevrolet,EUA
Chevrolet,EUA
Honda,Japão
Toyota,Japão
Chevrolet,EUA
Chevrolet,EUA
Toyota,Japão
Fiat,Itália
Volkswagen,Alemanha
Toyota,Japão
Renault,França
Volkswagen,Alemanha
Toyota,Japão
Fiat,Itália
Honda,Japão
Honda,Japão
Volkswagen,Alemanha
Mercedes-Benz,Alemanha
Nissan,Japão
Honda,Japão
Honda,Japão
Ford,EUA
Toyota,Japão
Volkswagen,Alemanha
Ford,EUA
Toyota,Japão
Nissan,Japão
Fiat,Itália
Ford,EUA
Fiat,Itália
Fiat,Itália
Jeep,EUA
Honda,Japão
Toyota,Japão
Chevrolet,EUA
Chevrolet,EUA
Volkswagen,Alemanha
Volvo,Suécia
Volkswagen,Alemanha
Chevrolet,EUA
BMW,Alemanha
Fiat,Itália
Chevrolet,EUA
Volkswagen,Alemanha
Toyota,Japão
Jeep,EUA
Nissan,Japão
Nissan,Japão
Volvo,Suécia
Fiat,Itália
Jeep,EUA
Honda,Japão
Toyota,Japão
Chevrolet,EUA
Chevrolet,EUA
Volkswagen,Alemanha
Volvo,Suécia
BMW,Alemanha
Chevrolet,EUA
Honda,Japão
Honda,Japão
Ford,EUA
Toyota,Japão
Volkswagen,Alemanha
Chery,China
JAC,China
Toyota,Japão
Nissan,Japão
Fiat,Itália
Jeep,EUA
Hyundai,Coreia do Sul
Hyundai,Coreia do Sul
Hyundai,Coreia do Sul
Mercedes-Benz,Alemanha
BMW,Alemanha
Mercedes-Benz,Alemanha
Volkswagen,Alemanha
Chevrolet,EUA
Toyota,Japão
Ford,EUA
Honda,Japão
Renault,França
Renault,França
Chevrolet,EUA
Volkswagen,Alemanha
Renault,França
Chery,China
Chery,China
Kia,Coreia do Sul
Citroen,França
Citroen,França
Peugeot,França
Peugeot,França
Citroen,França
Honda,Japão
Ford,EUA
Fiat,Itália
Chevrolet,EUA
Nissan,Japão
Fiat,Itália
Jeep,EUA
Jeep,EUA
Volkswagen,Alemanha
Chevrolet,EUA
Volkswagen,Alemanha
Toyota,Japão
JAC,China
Toyota,Japão
Fiat,Itália
Chevrolet,EUA
Citroen,França
Volkswagen,Alemanha
Peugeot,França
Renault,França
Jeep,EUA
Honda,Japão
Mercedes-Benz,Alemanha
Toyota,Japão
Fiat,Itália
Fiat,Itália
Chevrolet,EUA
BMW,Alemanha
Chevrolet,EUA
Nissan,Japão
Chevrolet,EUA
Toyota,Japão
Nissan,Japão
JAC,China
Honda,Japão
Renault,França
Renault,França
Hyundai,Coreia do Sul
Hyundai,Coreia do Sul
Hyundai,Coreia do Sul
Ford,EUA
Honda,Japão
Honda,Japão
Ford,EUA
Toyota,Japão
Volkswagen,Alemanha
Ford,EUA
Toyota,Japão
Nissan,Japão
Fiat,Itália
Ford,EUA
Fiat,Itália
Fiat,Itália
Jeep,EUA
Honda,Japão
Toyota,Japão
Chevrolet,EUA
Chevrolet,EUA
Volkswagen,Alemanha
Volvo,Suécia
Volkswagen,Alemanha
Chevrolet,EUA
BMW,Alemanha
Fiat,Itália
Chevrolet,EUA
Volkswagen,Alemanha
Toyota,Japão
Jeep,EUA
Nissan,Japão
Nissan,Japão
Volvo,Suécia
Fiat,Itália
Jeep,EUA
Honda,Japão
Toyota,Japão
Chevrolet,EUA
Chevrolet,EUA
Volkswagen,Alemanha
Volvo,Suécia
BMW,Alemanha
Chevrolet,EUA
Honda,Japão
Honda,Japão
Kia,Coreia do Sul
Ford,EUA
Toyota,Japão
Volkswagen,Alemanha
Honda,Japão
Volkswagen,Alemanha
Volkswagen,Alemanha
Chevrolet,EUA
Jeep,EUA
BMW,Alemanha
Kia,Coreia do Sul
Fiat,Itália
Nissan,Japão
Volvo,Suécia
Toyota,Japão
Citroen,França
Citroen,França
Peugeot,França
Peugeot,França
Citroen,França
Honda,Japão
Ford,EUA
Fiat,Itália
Chevrolet,EUA
Nissan,Japão
Fiat,Itália
Jeep,EUA
Jeep,EUA
Volkswagen,Alemanha
Chevrolet,EUA
Volkswagen,Alemanha
Toyota,Japão
JAC,China
Toyota,Japão
Fiat,Itália
Chevrolet,EUA
Citroen,França
Volkswagen,Alemanha
Peugeot,França
Renault,França
Jeep,EUA
Honda,Japão
Mercedes-Benz,Alemanha
Toyota,Japão
Fiat,Itália
Fiat,Itália
Chevrolet,EUA
BMW,Alemanha
Chevrolet,EUA
Nissan,Japão
Jeep,EUA
Peugeot,França
Renault,França
Renault,França
Peugeot,França
Renault,França
Peugeot,França
Honda,Japão
Toyota,Japão
Renault,França
Kia,Coreia do Sul
Hyundai,Coreia do Sul
Hyundai,Coreia do Sul
Kia,Coreia do Sul
Kia,Coreia do Sul
Fiat,Itália
Volkswagen,Alemanha
Hyundai,Coreia do Sul
Hyundai,Coreia do Sul
Hyundai,Coreia do Sul
Chevrolet,EUA
Renault,França
Peugeot,França
Renault,França
Nissan,Japão
Kia,Coreia do Sul
Honda,Japão
Kia,Coreia do Sul
Hyundai,Coreia do Sul
Chevrolet,EUA
Chevrolet,EUA
Fiat,Itália
Fiat,Itália
Toyota,Japão
Kia,Coreia do Sul
Hyundai,Coreia do Sul
Jeep,EUA
Ford,EUA
Ford,EUA
Hyundai,Coreia do Sul
Nissan,Japão
Renault,França
Hyundai,Coreia do Sul
Peugeot,França
Hyundai,Coreia do Sul
Kia,Coreia do Sul
Chevrolet,EUA
Toyota,Japão
Renault,França
Hyundai,Coreia do Sul
Ford,EUA
Ford,EUA
Hyundai,Coreia do Sul
Fiat,Itália
Volkswagen,Alemanha
Renault,França
Hyundai,Coreia do Sul
Chevrolet,EUA
Fiat,Itália
Ford,EUA
Toyota,Japão
Toyota,Japão
Ford,EUA
Chevrolet,EUA
Kia,Coreia do Sul
Nissan,Japão
Chevrolet,EUA
Chevrolet,EUA
Hyundai,Coreia do Sul
Hyundai,Coreia do Sul
Ford,EUA
Fiat,Itália
Volkswagen,Alemanha
Hyundai,Coreia do Sul
Kia,Coreia do Sul
Nissan,Japão
Renault,França
Renault,França
Chevrolet,EUA
Fiat,Itália
Hyundai,Coreia do Sul
Fiat,Itália
Ford,EUA
Honda,Japão
Honda,Japão
Hyundai,Coreia do Sul
Chevrolet,EUA
Chevrolet,EUA
Hyundai,Coreia do Sul
Hyundai,Coreia do Sul
Mercedes-Benz,Alemanha
Chevrolet,EUA
Toyota,Japão
Toyota,Japão
Hyundai,Coreia do Sul
Hyundai,Coreia do Sul
Chevrolet,EUA
Volkswagen,Alemanha
Ford,EUA
Fiat,Itália
Kia,Coreia do Sul
Renault,França
Chevrolet,EUA
Hyundai,Coreia do Sul
Volvo,Suécia
Citroen,França
Peugeot,França
Toyota,Japão
Chevrolet,EUA
Kia,Coreia do Sul
Ford,EUA
Fiat,Itália
Renault,França
Volvo,Suécia
Citroen,França
Jeep,EUA
Nissan,Japão
Nissan,Japão
Hyundai,Coreia do Sul
Volkswagen,Alemanha
Chevrolet,EUA
Fiat,Itália
Fiat,Itália
Chevrolet,EUA
Volkswagen,Alemanha
Hyundai,Coreia do Sul
Toyota,Japão
Honda,Japão
Hyundai,Coreia do Sul
Honda,Japão
Mercedes-Benz,Alemanha
Toyota,Japão
Fiat,Itália
Fiat,Itália
Chevrolet,EUA
BMW,Alemanha
Chevrolet,EUA
Nissan,Japão
Jeep,EUA
Volkswagen,Alemanha
Peugeot,França
Renault,França
Renault,França
Peugeot,França
Renault,França
Peugeot,França
Honda,Japão
Toyota,Japão
Renault,França
Kia,Coreia do Sul
Hyundai,Coreia do Sul
Hyundai,Coreia do Sul
Kia,Coreia do Sul
Kia,Coreia do Sul
Fiat,Itália
Volkswagen,Alemanha
Hyundai,Coreia do Sul
Hyundai,Coreia do Sul
Hyundai,Coreia do Sul
Chevrolet,EUA
Renault,França
Peugeot,França
Renault,França
Nissan,Japão
Kia,Coreia do Sul
Honda,Japão
Kia,Coreia do Sul
Hyundai,Coreia do Sul
Chevrolet,EUA
Chevrolet,EUA
Fiat,Itália
Fiat,Itália
Toyota,Japão
Kia,Coreia do Sul
Hyundai,Coreia do Sul
Jeep,EUA
Ford,EUA
Ford,EUA
Jeep,EUA
Hyundai,Coreia do Sul
Nissan,Japão
Renault,França
Hyundai,Coreia do Sul
Peugeot,França
Hyundai,Coreia do Sul
Kia,Coreia do Sul
Chevrolet,EUA
Toyota,Japão
Ford,EUA
Renault,França
Hyundai,Coreia do Sul
Ford,EUA
Ford,EUA
Hyundai,Coreia do Sul
Fiat,Itália
Volkswagen,Alemanha
Renault,França
Hyundai,Coreia do Sul
Honda,Japão
Chevrolet,EUA
Fiat,Itália
Ford,EUA
Toyota,Japão
Toyota,Japão
Ford,EUA
Chevrolet,EUA
Kia,Coreia do Sul
Nissan,Japão
Chevrolet,EUA
Chevrolet,EUA
Hyundai,Coreia do Sul
Hyundai,Coreia do Sul
Ford,EUA
Fiat,Itália
Volkswagen,Alemanha
Hyundai,Coreia do Sul
Kia,Coreia do Sul
Nissan,Japão
Renault,França
Renault,França
Chevrolet,EUA
Fiat,Itália
Hyundai,Coreia do Sul
Fiat,Itália
BMW,Alemanha
Honda,Japão
Honda,Japão
Hyundai,Coreia do Sul
Chevrolet,EUA
Chevrolet,EUA
Hyundai,Coreia do Sul
Hyundai,Coreia do Sul
Mercedes-Benz,Alemanha
Chevrolet,EUA
Toyota,Japão
Toyota,Japão
Hyundai,Coreia do Sul
Hyundai,Coreia do Sul
Chevrolet,EUA
Volkswagen,Alemanha
Ford,EUA
Fiat,Itália
Kia,Coreia do Sul
Renault,França
Chevrolet,EUA
Hyundai,Coreia do Sul
Volvo,Suécia
Kia,Coreia do Sul
Citroen,França
Peugeot,França
Toyota,Japão
Chevrolet,EUA
Kia,Coreia do Sul
Ford,EUA
Fiat,Itália
Renault,França
Volvo,Suécia
Citroen,França
Jeep,EUA
Nissan,Japão
Nissan,Japão
Hyundai,Coreia do Sul
Volkswagen,Alemanha
Chevrolet,EUA
Fiat,Itália
Fiat,Itália
Chevrolet,EUA
Toyota,Japão
Volkswagen,Alemanha
Hyundai,Coreia do Sul
Toyota,Japão
Honda,Japão
Hyundai,Coreia do Sul
Honda,Japão
Renault,França
Honda,Japão
Volkswagen,Alemanha
Citroen,França
Toyota,Japão
Toyota,Japão
Volkswagen,Alemanha
Volkswagen,Alemanha
Honda,Japão
BMW,Alemanha
Peugeot,França
Ford,EUA
Fiat,Itália
Volkswagen,Alemanha
Toyota,Japão
Honda,Japão
Kia,Coreia do Sul
Honda,Japão
Toyota,Japão
Volkswagen,Alemanha
Honda,Japão
Chevrolet,EUA
Toyota,Japão
Chevrolet,EUA
Honda,Japão
Volkswagen,Alemanha
Volkswagen,Alemanha
Nissan,Japão
Chevrolet,EUA
Fiat,Itália
Chevrolet,EUA
Honda,Japão
Toyota,Japão
Volkswagen,Alemanha
Chevrolet,EUA
Chevrolet,EUA
Honda,Japão
Toyota,Japão
Chevrolet,EUA
Chevrolet,EUA
Toyota,Japão
Fiat,Itália
Volkswagen,Alemanha
Toyota,Japão
Renault,França
Volkswagen,Alemanha
Toyota,Japão
Fiat,Itália
Honda,Japão
Honda,Japão
Volkswagen,Alemanha
Mercedes-Benz,Alemanha
Nissan,Japão
Honda,Japão
Honda,Japão
Chevrolet,EUA
Honda,Japão
Honda,Japão
Honda,Japão
Chevrolet,EUA
Chevrolet,EUA
Honda,Japão
Honda,Japão
Honda,Japão
Mercedes-Benz,Alemanha
Fiat,Itália
Mercedes-Benz,Alemanha
Honda,Japão
Fiat,Itália
Honda,Japão
Honda,Japão
Fiat,Itália
Honda,Japão
Chevrolet,EUA
Chevrolet,EUA
Chevrolet,EUA
Honda,Japão
Mercedes-Benz,Alemanha
Chevrolet,EUA
Chevrolet,EUA
Fiat,Itália
Chevrolet,EUA
Chevrolet,EUA
Chevrolet,EUA
Chevrolet,EUA
Honda,Japão
BMW,Alemanha
Chevrolet,EUA
Chevrolet,EUA
Volkswagen,Alemanha
Chevrolet,EUA
Fiat,Itália
Mercedes-Benz,Alemanha
Chevrolet,EUA
Fiat,Itália
Honda,Japão
Mercedes-Benz,Alemanha
Chevrolet,EUA
BMW,Alemanha
Volkswagen,Alemanha
Chevrolet,EUA
Volkswagen,Alemanha
Toyota,Japão
Honda,Japão
Toyota,Japão
Chevrolet,EUA
Chevrolet,EUA
Volkswagen,Alemanha
Renault,França
Renault,França
Chevrolet,EUA
Fiat,Itália
Renault,França
Chevrolet,EUA
Toyota,Japão
Toyota,Japão
Volkswagen,Alemanha
Chevrolet,EUA
Toyota,Japão
Toyota,Japão
BMW,Alemanha
Toyota,Japão
Renault,França
